<?xml version="1.0" encoding="UTF-8"?>
<!DOCTYPE mapper PUBLIC "-//mybatis.org//DTD Mapper 3.0//EN" "http://mybatis.org/dtd/mybatis-3-mapper.dtd">
<mapper namespace="com.crm_system.springbootback.mapper.TransferMapper">
    <select id="selectTransferPage" resultType="com.crm_system.springbootback.entity.Transfer">
        select * from transfer
        <where>
            <if test="keyword !=null and keyword !='' ">
                or customer like CONCAT('%',#{keyword},'%')
            </if>
        </where>
    </select>
    <select id="selectNum" resultType="int">
        select count(1) from transfer
        <where>
            <if test="keyword !=null and keyword !='' ">
                or customer like CONCAT('%',#{keyword},'%')
            </if>
        </where>
    </select>
</mapper>